,Date,Open,High,Low,Close,Adj Close,Volume
df_1,1972-01-01,0.0,104.29000091552734,100.87000274658203,103.47000122070312,103.47000122070312,87350000
df_1,1972-01-08,0.0,104.66000366210938,102.29000091552734,103.38999938964844,103.38999938964844,85630000
df_1,1972-01-15,0.0,105.0,102.75,103.6500015258789,103.6500015258789,94750000
df_1,1972-01-22,0.0,104.9800033569336,101.62999725341797,104.16000366210938,104.16000366210938,93510000
df_1,1972-01-29,0.0,105.4800033569336,103.0999984741211,104.86000061035156,104.86000061035156,99690000
df_1,1972-02-05,0.0,106.69000244140625,103.9000015258789,105.08000183105469,105.08000183105469,95480000
df_1,1972-02-12,0.0,106.6500015258789,104.02999877929688,105.27999877929688,105.27999877929688,93200000
df_1,1972-02-19,0.0,106.7300033569336,104.6500015258789,106.18000030517578,106.18000030517578,67620000
df_1,1972-02-26,0.0,108.51000213623047,105.37000274658203,107.94000244140625,107.94000244140625,104810000
df_1,1972-03-04,0.0,109.75,107.63999938964844,108.37999725341797,108.37999725341797,106080000
df_1,1972-03-11,0.0,108.61000061035156,106.55000305175781,107.91999816894531,107.91999816894531,91300000
df_1,1972-03-18,0.0,108.80999755859375,105.86000061035156,107.5199966430664,107.5199966430664,84200000
df_1,1972-03-25,0.0,108.08000183105469,105.9800033569336,107.19999694824219,107.19999694824219,55780000
df_1,1972-04-01,0.0,110.29000091552734,106.75,109.62000274658203,109.62000274658203,98790000
df_1,1972-04-08,0.0,111.11000061035156,108.76000213623047,109.83999633789062,109.83999633789062,99540000
df_1,1972-04-15,0.0,110.63999938964844,108.08000183105469,108.88999938964844,108.88999938964844,90370000
df_1,1972-04-22,0.0,109.19000244140625,106.18000030517578,107.66999816894531,107.66999816894531,79290000
df_1,1972-04-29,0.0,108.0,105.13999938964844,106.62999725341797,106.62999725341797,72150000
df_1,1972-05-06,0.0,107.0199966430664,103.83000183105469,106.37999725341797,106.37999725341797,71920000
df_1,1972-05-13,0.0,109.58999633789062,106.0199966430664,108.9800033569336,108.9800033569336,78220000
df_1,1972-05-20,0.0,111.30999755859375,108.79000091552734,110.66000366210938,110.66000366210938,82520000
df_1,1972-05-27,0.0,111.4800033569336,108.91999816894531,109.7300033569336,109.7300033569336,61350000
df_1,1972-06-03,0.0,109.91999816894531,106.30000305175781,106.86000061035156,106.86000061035156,71260000
df_1,1972-06-10,0.0,109.5199966430664,106.29000091552734,108.36000061035156,108.36000061035156,77370000
df_1,1972-06-17,0.0,109.66000366210938,107.37000274658203,108.2699966430664,108.2699966430664,69490000
df_1,1972-06-24,0.0,108.29000091552734,105.94000244140625,107.13999938964844,107.13999938964844,66080000
df_1,1972-07-01,0.0,110.2699966430664,106.72000122070312,108.69000244140625,108.69000244140625,55270000
df_1,1972-07-08,0.0,109.16000366210938,105.62000274658203,106.80000305175781,106.80000305175781,69330000
df_1,1972-07-15,0.0,107.37000274658203,104.43000030517578,106.66000366210938,106.66000366210938,76930000
df_1,1972-07-22,0.0,108.87999725341797,106.5199966430664,107.37999725341797,107.37999725341797,76250000
df_1,1972-07-29,0.0,111.12000274658203,106.5999984741211,110.43000030517578,110.43000030517578,80250000
df_1,1972-08-05,0.0,112.4000015258789,109.66999816894531,111.94999694824219,111.94999694824219,75330000
df_1,1972-08-12,0.0,113.44999694824219,110.72000122070312,111.76000213623047,111.76000213623047,81000000
df_1,1972-08-19,0.0,113.2699966430664,109.77999877929688,110.66999816894531,110.66999816894531,83640000
df_1,1972-08-26,0.0,112.12000274658203,109.26000213623047,111.51000213623047,111.51000213623047,59430000
df_1,1972-09-02,0.0,112.08000183105469,109.66999816894531,110.1500015258789,110.1500015258789,44710000
df_1,1972-09-09,0.0,110.56999969482422,107.80999755859375,108.80999755859375,108.80999755859375,61530000
df_1,1972-09-16,0.0,109.56999969482422,107.72000122070312,108.5199966430664,108.5199966430664,58700000
df_1,1972-09-23,0.0,110.75,107.3499984741211,110.55000305175781,110.55000305175781,69650000
df_1,1972-09-30,0.0,111.3499984741211,107.77999877929688,109.62000274658203,109.62000274658203,76530000
df_1,1972-10-07,0.0,111.11000061035156,107.16999816894531,107.91999816894531,107.91999816894531,59150000
df_1,1972-10-14,0.0,109.79000091552734,106.2699966430664,109.23999786376953,109.23999786376953,71230000
df_1,1972-10-21,0.0,112.26000213623047,109.37999725341797,110.62000274658203,110.62000274658203,83120000
df_1,1972-10-28,0.0,114.80999755859375,109.66000366210938,114.22000122070312,114.22000122070312,91830000
df_1,1972-11-04,0.0,115.2300033569336,112.08000183105469,113.7300033569336,113.7300033569336,87350000
df_1,1972-11-11,0.0,116.2300033569336,112.91000366210938,115.48999786376953,115.48999786376953,100480000
df_1,1972-11-18,0.0,117.91000366210938,114.56999969482422,117.2699966430664,117.2699966430664,79060000
df_1,1972-11-25,0.0,118.18000030517578,115.55999755859375,117.37999725341797,117.37999725341797,96690000
df_1,1972-12-02,0.0,119.54000091552734,116.88999938964844,118.86000061035156,118.86000061035156,93490000
df_1,1972-12-09,0.0,119.79000091552734,117.37000274658203,118.26000213623047,118.26000213623047,87040000
df_1,1972-12-16,0.0,117.87999725341797,114.62999725341797,115.83000183105469,115.83000183105469,83860000
df_1,1972-12-23,0.0,118.7699966430664,115.54000091552734,118.05000305175781,118.05000305175781,57770000
df_2,1976-01-01,0.0,95.1500015258789,89.80999755859375,93.94999694824219,93.94999694824219,96700000
df_2,1976-01-08,0.0,97.47000122070312,93.41000366210938,97.12999725341797,97.12999725341797,150850000
df_2,1976-01-15,0.0,99.44000244140625,95.83999633789062,98.23999786376953,98.23999786376953,165000000
df_2,1976-01-22,0.0,100.75,97.06999969482422,98.52999877929688,98.52999877929688,154970000
df_2,1976-01-29,0.0,102.56999969482422,98.31999969482422,101.91000366210938,101.91000366210938,164660000
df_2,1976-02-05,0.0,102.30000305175781,98.63999938964844,100.7699966430664,100.7699966430664,146440000
df_2,1976-02-12,0.0,101.55000305175781,98.5,99.8499984741211,99.8499984741211,107840000
df_2,1976-02-19,0.0,103.06999969482422,99.94000244140625,101.69000244140625,101.69000244140625,184240000
df_2,1976-02-26,0.0,102.36000061035156,98.5999984741211,99.9800033569336,99.9800033569336,134370000
df_2,1976-03-04,0.0,101.9000015258789,98.2300033569336,100.94000244140625,100.94000244140625,129170000
df_2,1976-03-11,0.0,102.45999908447266,99.23999786376953,100.86000061035156,100.86000061035156,121860000
df_2,1976-03-18,0.0,104.38999938964844,99.69999694824219,103.41999816894531,103.41999816894531,112890000
df_2,1976-03-25,0.0,104.0,101.25,102.7699966430664,102.7699966430664,92570000
df_2,1976-04-01,0.0,104.62999725341797,101.2300033569336,102.20999908447266,102.20999908447266,101630000
df_2,1976-04-08,0.0,102.37999725341797,99.56999969482422,100.30999755859375,100.30999755859375,90370000
df_2,1976-04-15,0.0,104.02999877929688,99.7300033569336,103.31999969482422,103.31999969482422,81700000
df_2,1976-04-22,0.0,104.04000091552734,100.91000366210938,102.12999725341797,102.12999725341797,86290000
df_2,1976-04-29,0.0,102.97000122070312,100.13999938964844,100.87999725341797,100.87999725341797,79660000
df_2,1976-05-06,0.0,103.98999786376953,100.30999755859375,102.7699966430664,102.7699966430664,98870000
df_2,1976-05-13,0.0,103.02999877929688,100.41000366210938,101.18000030517578,101.18000030517578,84110000
df_2,1976-05-20,0.0,102.52999877929688,98.4800033569336,99.33999633789062,99.33999633789062,93370000
df_2,1976-05-27,0.0,100.73999786376953,98.26000213623047,100.22000122070312,100.22000122070312,62170000
df_2,1976-06-03,0.0,101.0999984741211,97.97000122070312,98.73999786376953,98.73999786376953,80590000
df_2,1976-06-10,0.0,102.6500015258789,98.55000305175781,102.01000213623047,102.01000213623047,96880000
df_2,1976-06-17,0.0,104.81999969482422,101.97000122070312,103.25,103.25,111140000
df_2,1976-06-24,0.0,105.06999969482422,102.9000015258789,104.27999877929688,104.27999877929688,98620000
df_2,1976-07-01,0.0,104.9800033569336,102.80000305175781,103.83000183105469,103.83000183105469,72460000
df_2,1976-07-08,0.0,106.77999877929688,103.44000244140625,105.94999694824219,105.94999694824219,120350000
df_2,1976-07-15,0.0,106.25,103.05000305175781,103.81999969482422,103.81999969482422,96210000
df_2,1976-07-22,0.0,104.70999908447266,102.30999755859375,103.05000305175781,103.05000305175781,76580000
df_2,1976-07-29,0.0,105.18000030517578,102.36000061035156,104.43000030517578,104.43000030517578,81180000
df_2,1976-08-05,0.0,105.23999786376953,103.01000213623047,104.05999755859375,104.05999755859375,76560000
df_2,1976-08-12,0.0,105.41000366210938,103.37999725341797,104.55999755859375,104.55999755859375,81350000
df_2,1976-08-19,0.0,104.73999786376953,100.43000030517578,102.02999877929688,102.02999877929688,81740000
df_2,1976-08-26,0.0,104.30000305175781,100.55000305175781,104.05999755859375,104.05999755859375,72650000
df_2,1976-09-02,0.0,105.7300033569336,103.36000061035156,104.94000244140625,104.94000244140625,68260000
df_2,1976-09-09,0.0,105.29000091552734,103.27999877929688,104.25,104.25,82690000
df_2,1976-09-16,0.0,108.72000122070312,103.83999633789062,107.45999908447266,107.45999908447266,132890000
df_2,1976-09-23,0.0,107.95999908447266,104.83000183105469,105.37000274658203,105.37000274658203,97570000
df_2,1976-09-30,0.0,105.83999633789062,102.05000305175781,102.97000122070312,102.97000122070312,88020000
df_2,1976-10-07,0.0,104.0,100.37999725341797,102.12000274658203,102.12000274658203,91090000
df_2,1976-10-14,0.0,102.2300033569336,100.0199966430664,101.73999786376953,101.73999786376953,82590000
df_2,1976-10-21,0.0,102.31999969482422,99.20999908447266,101.76000213623047,101.76000213623047,80440000
df_2,1976-10-28,0.0,103.77999877929688,100.7300033569336,101.91999816894531,101.91999816894531,71690000
df_2,1976-11-04,0.0,103.16000366210938,98.18000030517578,98.80999755859375,98.80999755859375,97100000
df_2,1976-11-11,0.0,101.31999969482422,98.3499984741211,100.61000061035156,100.61000061035156,86410000
df_2,1976-11-18,0.0,103.1500015258789,100.48999786376953,102.41000366210938,102.41000366210938,108990000
df_2,1976-11-25,0.0,103.51000213623047,101.45999908447266,102.48999786376953,102.48999786376953,72740000
df_2,1976-12-02,0.0,104.4000015258789,101.69999694824219,104.08000183105469,104.08000183105469,121470000
df_2,1976-12-09,0.0,105.88999938964844,103.70999908447266,105.13999938964844,105.13999938964844,136020000
df_2,1976-12-16,0.0,105.5999984741211,102.98999786376953,104.70999908447266,104.70999908447266,119840000
df_2,1976-12-23,0.0,107.36000061035156,104.08999633789062,106.33999633789062,106.33999633789062,92390000
df_2,1976-12-30,0.0,107.81999969482422,105.97000122070312,107.45999908447266,107.45999908447266,42870000
df_3,1980-01-01,0.0,108.43000030517578,103.26000213623047,106.80999755859375,106.80999755859375,174720000
df_3,1980-01-08,0.0,111.44000244140625,106.29000091552734,110.37999725341797,110.37999725341797,280450000
df_3,1980-01-15,0.0,112.9000015258789,109.44999694824219,112.0999984741211,112.0999984741211,269380000
df_3,1980-01-22,0.0,115.6500015258789,110.91999816894531,114.8499984741211,114.8499984741211,261140000
df_3,1980-01-29,0.0,117.16999816894531,113.02999877929688,114.37000274658203,114.37000274658203,262230000
df_3,1980-02-05,0.0,119.05000305175781,112.1500015258789,117.12000274658203,117.12000274658203,268040000
df_3,1980-02-12,0.0,120.22000122070312,114.12000274658203,115.41000366210938,115.41000366210938,210540000
df_3,1980-02-19,0.0,117.9000015258789,112.62000274658203,113.33000183105469,113.33000183105469,222700000
df_3,1980-02-26,0.0,115.12000274658203,111.33000183105469,112.5,112.5,204260000
df_3,1980-03-04,0.0,113.94000244140625,104.91999816894531,106.51000213623047,106.51000213623047,237860000
df_3,1980-03-11,0.0,108.54000091552734,101.81999969482422,102.26000213623047,102.26000213623047,184610000
df_3,1980-03-18,0.0,105.72000122070312,98.87999725341797,99.27999877929688,99.27999877929688,187890000
df_3,1980-03-25,0.0,102.6500015258789,94.2300033569336,102.08999633789062,102.08999633789062,227400000
df_3,1980-04-01,0.0,103.87000274658203,99.7300033569336,100.19000244140625,100.19000244140625,124540000
df_3,1980-04-08,0.0,105.1500015258789,99.2300033569336,102.83999633789062,102.83999633789062,151680000
df_3,1980-04-15,0.0,104.41999816894531,98.94999694824219,99.80000305175781,99.80000305175781,153610000
df_3,1980-04-22,0.0,106.79000091552734,100.80999755859375,105.63999938964844,105.63999938964844,185520000
df_3,1980-04-29,0.0,106.86000061035156,104.5,106.37999725341797,106.37999725341797,153400000
df_3,1980-05-06,0.0,108.12000274658203,103.5,104.77999877929688,104.77999877929688,180540000
df_3,1980-05-13,0.0,108.43000030517578,104.44000244140625,107.66999816894531,107.66999816894531,180100000
df_3,1980-05-20,0.0,111.37000274658203,106.54000091552734,110.62000274658203,110.62000274658203,153460000
df_3,1980-05-27,0.0,112.72000122070312,108.87000274658203,110.76000213623047,110.76000213623047,188920000
df_3,1980-06-03,0.0,114.51000213623047,109.7699966430664,113.70999908447266,113.70999908447266,200450000
df_3,1980-06-10,0.0,117.01000213623047,113.16999816894531,116.08999633789062,116.08999633789062,211200000
df_3,1980-06-17,0.0,117.16000366210938,113.12000274658203,114.51000213623047,114.51000213623047,192940000
df_3,1980-06-24,0.0,117.9800033569336,113.55000305175781,114.23999786376953,114.23999786376953,192360000
df_3,1980-07-01,0.0,118.8499984741211,113.54000091552734,118.29000091552734,118.29000091552734,167060000
df_3,1980-07-08,0.0,120.37000274658203,116.29000091552734,120.01000213623047,120.01000213623047,225380000
df_3,1980-07-15,0.0,123.19000244140625,118.54000091552734,122.51000213623047,122.51000213623047,259700000
df_3,1980-07-22,0.0,123.9000015258789,119.77999877929688,121.43000030517578,121.43000030517578,212120000
df_3,1980-07-29,0.0,123.93000030517578,119.4000015258789,120.9800033569336,120.9800033569336,245500000
df_3,1980-08-05,0.0,125.30999755859375,119.94000244140625,124.77999877929688,124.77999877929688,255930000
df_3,1980-08-12,0.0,126.61000061035156,122.48999786376953,123.38999938964844,123.38999938964844,233770000
df_3,1980-08-19,0.0,127.77999877929688,121.91000366210938,125.16000366210938,125.16000366210938,228870000
df_3,1980-08-26,0.0,126.29000091552734,121.05999755859375,122.37999725341797,122.37999725341797,159100000
df_3,1980-09-02,0.0,127.69999694824219,121.79000091552734,123.30999755859375,123.30999755859375,226730000
df_3,1980-09-09,0.0,126.75,121.94000244140625,125.66999816894531,125.66999816894531,232470000
df_3,1980-09-16,0.0,130.99000549316406,125.1500015258789,130.39999389648438,130.39999389648438,291590000
df_3,1980-09-23,0.0,132.1699981689453,122.87000274658203,123.54000091552734,123.54000091552734,266630000
df_3,1980-09-30,0.0,132.3800048828125,123.54000091552734,131.72999572753906,131.72999572753906,232810000
df_3,1980-10-07,0.0,132.8800048828125,129.3699951171875,132.02999877929688,132.02999877929688,216270000
df_3,1980-10-14,0.0,135.8800048828125,130.0399932861328,132.61000061035156,132.61000061035156,247370000
df_3,1980-10-21,0.0,134.00999450683594,127.33999633789062,127.87999725341797,127.87999725341797,218960000
df_3,1980-10-28,0.0,129.91000366210938,125.29000091552734,129.0399932861328,129.0399932861328,192490000
df_3,1980-11-04,0.0,135.64999389648438,127.73999786376953,129.47999572753906,129.47999572753906,208760000
df_3,1980-11-11,0.0,138.9600067138672,129.47999572753906,137.75,137.75,291250000
df_3,1980-11-18,0.0,141.75999450683594,136.36000061035156,138.30999755859375,138.30999755859375,306860000
df_3,1980-11-25,0.0,141.9600067138672,136.75,137.2100067138672,137.2100067138672,193600000
df_3,1980-12-02,0.0,138.39999389648438,129.7100067138672,130.61000061035156,130.61000061035156,252320000
df_3,1980-12-09,0.0,131.99000549316406,125.31999969482422,129.4499969482422,129.4499969482422,242530000
df_3,1980-12-16,0.0,136.67999267578125,128.3300018310547,135.77999877929688,135.77999877929688,264720000
df_3,1980-12-23,0.0,137.50999450683594,134.00999450683594,135.02999877929688,135.02999877929688,136940000
df_3,1980-12-30,0.0,136.75999450683594,134.0399932861328,135.75999450683594,135.75999450683594,80960000
df_4,1984-01-01,164.92999267578125,169.30999755859375,163.97999572753906,169.27999877929688,169.27999877929688,481900000
df_4,1984-01-08,169.17999267578125,169.5399932861328,166.63999938964844,167.02000427246094,167.02000427246094,516530000
df_4,1984-01-15,167.02000427246094,168.33999633789062,165.8699951171875,166.2100067138672,166.2100067138672,487250000
df_4,1984-01-22,166.2100067138672,167.1199951171875,163.07000732421875,163.94000244140625,163.94000244140625,513350000
df_4,1984-01-29,164.39999389648438,164.6699981689453,160.82000732421875,160.91000366210938,160.91000366210938,544160000
df_4,1984-02-05,160.91000366210938,160.91000366210938,154.3000030517578,156.3000030517578,156.3000030517578,534030000
df_4,1984-02-12,156.3000030517578,157.47999572753906,154.1300048828125,155.74000549316406,155.74000549316406,423480000
df_4,1984-02-19,155.7100067138672,157.50999450683594,152.1300048828125,157.50999450683594,157.50999450683594,364810000
df_4,1984-02-26,157.50999450683594,159.89999389648438,156.41000366210938,159.24000549316406,159.24000549316406,473240000
df_4,1984-03-04,159.24000549316406,159.24000549316406,153.77000427246094,154.35000610351562,154.35000610351562,397340000
df_4,1984-03-11,154.35000610351562,160.4499969482422,154.35000610351562,159.27000427246094,159.27000427246094,461840000
df_4,1984-03-18,159.27000427246094,159.27000427246094,156.02000427246094,156.86000061035156,156.86000061035156,404790000
df_4,1984-03-25,156.86000061035156,160.4600067138672,156.30999755859375,159.17999267578125,159.17999267578125,400670000
df_4,1984-04-01,159.17999267578125,159.8699951171875,154.1199951171875,155.47999572753906,155.47999572753906,454890000
df_4,1984-04-08,155.47999572753906,158.8699951171875,154.1699981689453,157.30999755859375,157.30999755859375,426790000
df_4,1984-04-15,157.30999755859375,159.58999633789062,156.49000549316406,158.02000427246094,158.02000427246094,332920000
df_4,1984-04-22,158.02000427246094,160.69000244140625,156.61000061035156,159.88999938964844,159.88999938964844,430190000
df_4,1984-04-29,159.88999938964844,162.11000061035156,158.92999267578125,159.11000061035156,159.11000061035156,480860000
df_4,1984-05-06,159.11000061035156,161.30999755859375,157.4199981689453,158.49000549316406,158.49000549316406,439550000
df_4,1984-05-13,158.49000549316406,158.49000549316406,155.24000549316406,155.77999877929688,155.77999877929688,413940000
df_4,1984-05-20,155.77999877929688,156.11000061035156,150.8000030517578,151.6199951171875,151.6199951171875,421330000
df_4,1984-05-27,151.6199951171875,153.24000549316406,148.67999267578125,153.24000549316406,153.24000549316406,352650000
df_4,1984-06-03,153.24000549316406,155.39999389648438,153.24000549316406,155.1699981689453,155.1699981689453,414980000
df_4,1984-06-10,155.1699981689453,155.1699981689453,149.02000427246094,149.02999877929688,149.02999877929688,385800000
df_4,1984-06-17,149.02999877929688,155.63999938964844,148.52999877929688,154.4600067138672,154.4600067138672,513770000
df_4,1984-06-24,154.4600067138672,154.6699981689453,151.3000030517578,153.17999267578125,153.17999267578125,402280000
df_4,1984-07-01,153.16000366210938,153.8699951171875,151.6300048828125,152.24000549316406,152.24000549316406,271140000
df_4,1984-07-08,152.24000549316406,153.52999877929688,149.6300048828125,150.8800048828125,150.8800048828125,399910000
df_4,1984-07-15,150.8800048828125,152.60000610351562,149.07000732421875,149.5500030517578,149.5500030517578,397270000
df_4,1984-07-22,149.5500030517578,151.3800048828125,147.25999450683594,151.19000244140625,151.19000244140625,434640000
df_4,1984-07-29,151.19000244140625,162.55999755859375,149.64999389648438,162.35000610351562,162.35000610351562,696040000
df_4,1984-08-05,162.35000610351562,168.58999633789062,160.80999755859375,165.4199981689453,165.4199981689453,754200000
df_4,1984-08-12,164.83999633789062,166.08999633789062,162.75,164.13999938964844,164.13999938964844,416420000
df_4,1984-08-19,164.13999938964844,168.8000030517578,163.75999450683594,167.50999450683594,167.50999450683594,472320000
df_4,1984-08-26,167.50999450683594,168.2100067138672,165.77999877929688,166.67999267578125,166.67999267578125,347180000
df_4,1984-09-02,166.67999267578125,166.67999267578125,163.83999633789062,164.3699951171875,164.3699951171875,307390000
df_4,1984-09-09,164.3699951171875,169.64999389648438,163.05999755859375,168.77999877929688,168.77999877929688,501590000
df_4,1984-09-16,168.77999877929688,169.3699951171875,165.66000366210938,165.6699981689453,165.6699981689453,529020000
df_4,1984-09-23,165.6699981689453,167.1999969482422,164.4499969482422,166.10000610351562,166.10000610351562,430660000
df_4,1984-09-30,166.10000610351562,166.10000610351562,162.1999969482422,162.67999267578125,162.67999267578125,415040000
df_4,1984-10-07,162.67999267578125,164.47000122070312,160.02000427246094,164.17999267578125,164.17999267578125,396680000
df_4,1984-10-14,164.17999267578125,169.6199951171875,163.7100067138672,167.9600067138672,167.9600067138672,606660000
df_4,1984-10-21,167.9600067138672,168.36000061035156,164.92999267578125,165.2899932861328,165.2899932861328,441560000
df_4,1984-10-28,165.2899932861328,167.9499969482422,164.6699981689453,167.4199981689453,167.4199981689453,454400000
df_4,1984-11-04,167.4199981689453,170.41000366210938,167.3300018310547,167.60000610351562,167.60000610351562,468930000
df_4,1984-11-11,167.64999389648438,167.64999389648438,164.08999633789062,164.10000610351562,164.10000610351562,364010000
df_4,1984-11-18,164.10000610351562,166.9199981689453,163.02999877929688,166.9199981689453,166.9199981689453,308500000
df_4,1984-11-25,166.9199981689453,166.9199981689453,162.99000549316406,163.5800018310547,163.5800018310547,411730000
df_4,1984-12-02,163.5800018310547,163.91000366210938,161.75999450683594,162.25999450683594,162.25999450683594,442810000
df_4,1984-12-09,162.25999450683594,163.52999877929688,161.5399932861328,162.69000244140625,162.69000244140625,416000000
df_4,1984-12-16,162.69000244140625,169.02999877929688,162.44000244140625,165.50999450683594,165.50999450683594,592510000
df_4,1984-12-23,165.50999450683594,166.92999267578125,165.5,166.25999450683594,166.25999450683594,249420000
df_4,1984-12-30,166.25999450683594,167.33999633789062,166.05999755859375,167.24000549316406,167.24000549316406,80260000
df_5,1988-01-01,247.10000610351562,261.7799987792969,247.0800018310547,261.07000732421875,261.07000732421875,736420000
df_5,1988-01-08,261.04998779296875,261.07000732421875,240.4600067138672,245.8800048828125,245.8800048828125,816600000
df_5,1988-01-15,246.02000427246094,253.64999389648438,240.1699981689453,243.13999938964844,243.13999938964844,826330000
df_5,1988-01-22,243.13999938964844,253.66000366210938,243.13999938964844,253.2899932861328,253.2899932861328,903470000
df_5,1988-01-29,253.30999755859375,258.2699890136719,250.33999633789062,252.2100067138672,252.2100067138672,1011220000
df_5,1988-02-05,252.22000122070312,257.7699890136719,247.82000732421875,255.9499969482422,255.9499969482422,881250000
df_5,1988-02-12,255.9499969482422,261.4700012207031,255.85000610351562,257.9100036621094,257.9100036621094,640830000
df_5,1988-02-19,257.8999938964844,267.75,257.6199951171875,261.5799865722656,261.5799865722656,977710000
df_5,1988-02-26,261.55999755859375,268.75,261.3800048828125,267.8800048828125,267.8800048828125,997040000
df_5,1988-03-04,267.8699951171875,270.760009765625,263.79998779296875,263.8399963378906,263.8399963378906,1000230000
df_5,1988-03-11,263.8500061035156,271.2200012207031,261.2699890136719,271.2200012207031,271.2200012207031,830590000
df_5,1988-03-18,271.2200012207031,272.6400146484375,262.4800109863281,263.3500061035156,263.3500061035156,868860000
df_5,1988-03-25,263.3399963378906,263.44000244140625,256.07000732421875,258.8900146484375,258.8900146484375,750360000
df_5,1988-04-01,258.8900146484375,267.32000732421875,255.67999267578125,266.1600036621094,266.1600036621094,685130000
df_5,1988-04-08,266.1499938964844,272.04998779296875,259.3699951171875,259.75,259.75,859000000
df_5,1988-04-15,259.739990234375,262.3800048828125,254.7100067138672,256.4200134277344,256.4200134277344,856750000
df_5,1988-04-22,256.45001220703125,265.0899963378906,256.4200134277344,262.6099853515625,262.6099853515625,724260000
df_5,1988-04-29,262.5899963378906,263.70001220703125,258.1300048828125,258.7900085449219,258.7900085449219,762170000
df_5,1988-05-06,258.79998779296875,260.30999755859375,252.32000732421875,253.85000610351562,253.85000610351562,747200000
df_5,1988-05-13,253.8800048828125,260.20001220703125,248.85000610351562,252.57000732421875,252.57000732421875,810680000
df_5,1988-05-20,252.61000061035156,255.33999633789062,249.82000732421875,254.6300048828125,254.6300048828125,665740000
df_5,1988-05-27,254.6199951171875,267.42999267578125,252.74000549316406,265.3299865722656,265.3299865722656,809300000
df_5,1988-06-03,265.3399963378906,272.2900085449219,264.4200134277344,270.20001220703125,270.20001220703125,1055960000
df_5,1988-06-10,270.2200012207031,276.1400146484375,268.760009765625,269.7699890136719,269.7699890136719,819980000
df_5,1988-06-17,269.7900085449219,276.8800048828125,267.5199890136719,274.82000732421875,274.82000732421875,1019010000
df_5,1988-06-24,274.80999755859375,275.19000244140625,268.8500061035156,273.5,273.5,983660000
df_5,1988-07-01,273.5,276.3599853515625,269.30999755859375,271.7799987792969,271.7799987792969,755850000
df_5,1988-07-08,271.760009765625,272.30999755859375,266.1199951171875,270.260009765625,270.260009765625,812360000
df_5,1988-07-15,270.2300109863281,272.05999755859375,266.6600036621094,266.6600036621094,266.6600036621094,801480000
df_5,1988-07-22,266.6499938964844,266.6600036621094,262.4800109863281,266.0199890136719,266.0199890136719,776440000
df_5,1988-07-29,266.0400085449219,274.20001220703125,266.0199890136719,271.92999267578125,271.92999267578125,858000000
df_5,1988-08-05,271.70001220703125,272.4700012207031,260.3399963378906,262.75,262.75,836860000
df_5,1988-08-12,262.70001220703125,262.94000244140625,257.5,261.0299987792969,261.0299987792969,777630000
df_5,1988-08-19,261.04998779296875,262.2699890136719,256.5299987792969,259.17999267578125,259.17999267578125,619600000
df_5,1988-08-26,259.17999267578125,263.79998779296875,256.9800109863281,258.3500061035156,258.3500061035156,571810000
df_5,1988-09-02,258.3500061035156,266.9800109863281,258.3500061035156,265.8800048828125,265.8800048828125,571060000
df_5,1988-09-09,265.8800048828125,269.7799987792969,263.6600036621094,268.1300048828125,268.1300048828125,757340000
df_5,1988-09-16,268.1300048828125,270.80999755859375,267.3299865722656,269.17999267578125,269.17999267578125,767170000
df_5,1988-09-23,269.1600036621094,273.0199890136719,267.7699890136719,272.5899963378906,272.5899963378906,644040000
df_5,1988-09-30,272.54998779296875,274.8699951171875,268.8399963378906,272.3900146484375,272.3900146484375,792590000
df_5,1988-10-07,272.3800048828125,278.69000244140625,272.3699951171875,275.2200012207031,275.2200012207031,791320000
df_5,1988-10-14,275.2699890136719,282.8800048828125,274.0799865722656,282.8800048828125,282.8800048828125,817960000
df_5,1988-10-21,282.8800048828125,283.95001220703125,276.0,277.2799987792969,277.2799987792969,899280000
df_5,1988-10-28,277.2900085449219,280.3699951171875,277.0799865722656,279.20001220703125,279.20001220703125,755290000
df_5,1988-11-04,279.1099853515625,279.20001220703125,272.1499938964844,273.69000244140625,273.69000244140625,701170000
df_5,1988-11-11,273.6499938964844,273.69000244140625,262.8500061035156,264.6000061035156,264.6000061035156,696560000
df_5,1988-11-18,264.6000061035156,269.55999755859375,263.4100036621094,269.0,269.0,478760000
df_5,1988-11-25,268.989990234375,274.3599853515625,266.4700012207031,272.489990234375,272.489990234375,610180000
df_5,1988-12-02,272.489990234375,279.010009765625,270.4700012207031,276.5899963378906,276.5899963378906,700120000
df_5,1988-12-09,276.57000732421875,278.82000732421875,274.010009765625,274.2799987792969,274.2799987792969,659440000
df_5,1988-12-16,274.2799987792969,280.45001220703125,274.2799987792969,276.8699951171875,276.8699951171875,817580000
df_5,1988-12-23,276.8699951171875,279.4200134277344,276.1700134277344,279.3999938964844,279.3999938964844,411170000
df_5,1988-12-30,279.3900146484375,279.7799987792969,277.7200012207031,277.7200012207031,277.7200012207031,127210000
df_6,1992-01-01,417.0299987792969,419.7900085449219,411.0400085449219,417.3999938964844,417.3999938964844,935830000
df_6,1992-01-08,417.3599853515625,420.5,413.30999755859375,420.44000244140625,420.44000244140625,1285400000
df_6,1992-01-15,420.45001220703125,421.17999267578125,411.32000732421875,412.6400146484375,412.6400146484375,1338090000
df_6,1992-01-22,412.6499938964844,419.7799987792969,412.489990234375,414.9599914550781,414.9599914550781,1085720000
df_6,1992-01-29,414.9599914550781,417.8299865722656,407.45001220703125,413.8500061035156,413.8500061035156,1060210000
df_6,1992-02-05,413.8800048828125,416.1700134277344,408.0400085449219,413.760009765625,413.760009765625,1120150000
df_6,1992-02-12,413.7699890136719,418.0799865722656,406.3399963378906,407.3800048828125,407.3800048828125,916400000
df_6,1992-02-19,407.3800048828125,414.260009765625,406.5400085449219,410.45001220703125,410.45001220703125,1153160000
df_6,1992-02-26,410.4800109863281,416.07000732421875,410.4800109863281,412.8500061035156,412.8500061035156,1040200000
df_6,1992-03-04,412.8599853515625,413.2699890136719,403.6499938964844,406.8900146484375,406.8900146484375,961470000
df_6,1992-03-11,406.8800048828125,409.7200012207031,401.94000244140625,409.5799865722656,409.5799865722656,887740000
df_6,1992-03-18,409.5799865722656,411.42999267578125,407.989990234375,408.8800048828125,408.8800048828125,983900000
df_6,1992-03-25,408.8800048828125,409.8699951171875,402.2200012207031,403.69000244140625,403.69000244140625,851860000
df_6,1992-04-01,403.6700134277344,405.92999267578125,397.9700012207031,398.05999755859375,398.05999755859375,945440000
df_6,1992-04-08,398.04998779296875,413.8599853515625,392.4100036621094,412.3900146484375,412.3900146484375,1054510000
df_6,1992-04-15,412.3900146484375,416.2799987792969,407.92999267578125,410.260009765625,410.260009765625,869380000
df_6,1992-04-22,410.260009765625,412.4800109863281,406.3299865722656,409.1099853515625,409.1099853515625,1016140000
df_6,1992-04-29,409.1099853515625,418.5299987792969,409.1099853515625,416.8399963378906,416.8399963378906,982850000
df_6,1992-05-06,416.8399963378906,418.75,414.4100036621094,416.2900085449219,416.2900085449219,886250000
df_6,1992-05-13,416.2900085449219,417.0400085449219,409.8500061035156,416.3699951171875,416.3699951171875,896250000
df_6,1992-05-20,416.3699951171875,416.8299865722656,410.2300109863281,411.4100036621094,411.4100036621094,727450000
df_6,1992-05-27,411.4100036621094,418.3599853515625,411.05999755859375,413.5,413.5,964910000
df_6,1992-06-03,413.5,416.5400085449219,409.29998779296875,410.05999755859375,410.05999755859375,971680000
df_6,1992-06-10,410.05999755859375,411.8599853515625,406.1099853515625,408.32000732421875,408.32000732421875,955870000
df_6,1992-06-17,408.3299865722656,408.3299865722656,399.9200134277344,404.0400085449219,404.0400085449219,1045380000
df_6,1992-06-24,404.04998779296875,409.6300048828125,401.94000244140625,408.1400146484375,408.1400146484375,903540000
df_6,1992-07-01,408.20001220703125,415.7099914550781,408.20001220703125,409.1600036621094,409.1600036621094,847420000
df_6,1992-07-08,409.1499938964844,417.69000244140625,407.20001220703125,417.67999267578125,417.67999267578125,918220000
df_6,1992-07-15,417.67999267578125,417.92999267578125,410.7200012207031,413.760009765625,413.760009765625,945100000
df_6,1992-07-22,413.739990234375,417.54998779296875,409.80999755859375,417.5199890136719,417.5199890136719,912300000
df_6,1992-07-29,417.5199890136719,425.1400146484375,417.5199890136719,424.3599853515625,424.3599853515625,973400000
df_6,1992-08-05,424.3500061035156,424.3500061035156,416.5299987792969,418.8999938964844,418.8999938964844,860950000
df_6,1992-08-12,418.8900146484375,421.8900146484375,416.3999938964844,421.3399963378906,421.3399963378906,853710000
df_6,1992-08-19,421.3399963378906,421.6199951171875,408.29998779296875,411.6099853515625,411.6099853515625,943740000
df_6,1992-08-26,411.6499938964844,416.07000732421875,410.5299987792969,416.07000732421875,416.07000732421875,836880000
df_6,1992-09-02,416.07000732421875,420.30999755859375,414.29998779296875,414.44000244140625,414.44000244140625,685800000
df_6,1992-09-09,414.44000244140625,425.2699890136719,414.44000244140625,419.7699890136719,419.7699890136719,1044150000
df_6,1992-09-16,419.7099914550781,422.92999267578125,417.1300048828125,417.1400146484375,417.1400146484375,999910000
df_6,1992-09-23,417.1400146484375,419.010009765625,412.7099914550781,416.79998779296875,416.79998779296875,936840000
df_6,1992-09-30,416.7900085449219,418.6700134277344,396.79998779296875,407.17999267578125,407.17999267578125,1067330000
df_6,1992-10-07,407.1700134277344,410.6400146484375,402.4200134277344,409.29998779296875,409.29998779296875,881640000
df_6,1992-10-14,409.29998779296875,417.9800109863281,407.42999267578125,415.4800109863281,415.4800109863281,1105770000
df_6,1992-10-21,415.5299987792969,419.20001220703125,413.1000061035156,418.489990234375,418.489990234375,1024350000
df_6,1992-10-28,418.489990234375,422.80999755859375,417.55999755859375,419.9200134277344,419.9200134277344,1023810000
df_6,1992-11-04,419.9100036621094,421.07000732421875,415.5799865722656,418.6199951171875,418.6199951171875,1040180000
df_6,1992-11-11,418.6199951171875,423.1000061035156,418.30999755859375,419.2699890136719,419.2699890136719,1023970000
df_6,1992-11-18,419.2699890136719,429.30999755859375,419.239990234375,427.5899963378906,427.5899963378906,1129330000
df_6,1992-11-25,427.5899963378906,431.92999267578125,427.5799865722656,430.7799987792969,430.7799987792969,802920000
df_6,1992-12-02,430.7799987792969,436.989990234375,428.6099853515625,436.989990234375,436.989990234375,1172050000
df_6,1992-12-09,436.989990234375,436.989990234375,431.9200134277344,432.57000732421875,432.57000732421875,1050020000
df_6,1992-12-16,432.5799865722656,441.6400146484375,430.8800048828125,440.30999755859375,440.30999755859375,1358180000
df_6,1992-12-23,440.2900085449219,442.6499938964844,437.260009765625,437.9800109863281,437.9800109863281,687010000
df_6,1992-12-30,437.9800109863281,439.5899963378906,435.7099914550781,435.7099914550781,435.7099914550781,349840000
df_7,1996-01-01,615.9299926757812,624.489990234375,612.02001953125,616.7100219726562,616.7100219726562,1782820000
df_7,1996-01-08,616.7100219726562,619.1500244140625,597.2899780273438,601.8099975585938,601.8099975585938,1836790000
df_7,1996-01-15,601.8099975585938,612.9199829101562,598.469970703125,611.8300170898438,611.8300170898438,2138250000
df_7,1996-01-22,611.8300170898438,621.7000122070312,610.6500244140625,621.6199951171875,621.6199951171875,2130300000
df_7,1996-01-29,621.6199951171875,639.260009765625,621.4199829101562,635.8400268554688,635.8400268554688,2181340000
df_7,1996-02-05,635.8400268554688,661.0800170898438,633.7100219726562,656.3699951171875,656.3699951171875,2259040000
df_7,1996-02-12,656.3699951171875,664.22998046875,646.989990234375,647.97998046875,647.97998046875,2122110000
df_7,1996-02-19,647.97998046875,663.0,638.7899780273438,659.0800170898438,659.0800170898438,1755730000
df_7,1996-02-26,659.0800170898438,659.0800170898438,635.0,644.3699951171875,644.3699951171875,2203110000
df_7,1996-03-04,644.3699951171875,656.969970703125,627.6300048828125,633.5,633.5,2263530000
df_7,1996-03-11,633.5,644.1699829101562,628.8200073242188,641.4299926757812,641.4299926757812,2340110000
df_7,1996-03-18,641.4299926757812,656.1799926757812,641.4299926757812,650.6199951171875,650.6199951171875,1981750000
df_7,1996-03-25,650.6199951171875,655.5,644.8900146484375,645.5,645.5,1927330000
df_7,1996-04-01,645.5,656.6799926757812,645.5,655.8599853515625,655.8599853515625,1568780000
df_7,1996-04-08,655.8599853515625,655.8599853515625,624.1400146484375,636.7100219726562,636.7100219726562,2246730000
df_7,1996-04-15,636.7100219726562,647.3200073242188,636.7100219726562,645.0700073242188,645.0700073242188,2115720000
df_7,1996-04-22,645.0700073242188,656.4299926757812,645.0700073242188,653.4600219726562,653.4600219726562,2206930000
df_7,1996-04-29,653.4600219726562,656.4400024414062,640.22998046875,641.6300048828125,641.6300048828125,2019010000
df_7,1996-05-06,641.6300048828125,653.0,630.0700073242188,652.0900268554688,652.0900268554688,2114730000
df_7,1996-05-13,652.0900268554688,669.8400268554688,652.0900268554688,668.9099731445312,668.9099731445312,2123620000
df_7,1996-05-20,668.9099731445312,681.0999755859375,667.6400146484375,678.510009765625,678.510009765625,1979280000
df_7,1996-05-27,678.510009765625,679.97998046875,664.5599975585938,669.1199951171875,669.1199951171875,1421920000
df_7,1996-06-03,669.1199951171875,680.3200073242188,662.47998046875,673.3099975585938,673.3099975585938,1997520000
df_7,1996-06-10,673.3099975585938,676.719970703125,664.3499755859375,665.8499755859375,665.8499755859375,1928310000
df_7,1996-06-17,665.8499755859375,668.27001953125,658.75,666.8400268554688,666.8400268554688,2016710000
df_7,1996-06-24,666.8400268554688,672.6799926757812,661.5599975585938,670.6300048828125,670.6300048828125,1988300000
df_7,1996-07-01,670.6300048828125,675.8800048828125,657.4099731445312,657.4400024414062,657.4400024414062,1251480000
df_7,1996-07-08,657.4400024414062,657.6500244140625,639.52001953125,646.1900024414062,646.1900024414062,2106290000
df_7,1996-07-15,646.1900024414062,646.1900024414062,605.8800048828125,638.72998046875,638.72998046875,2498360000
df_7,1996-07-22,638.72998046875,638.72998046875,616.4299926757812,635.9000244140625,635.9000244140625,1967520000
df_7,1996-07-29,635.9000244140625,662.489990234375,629.219970703125,662.489990234375,662.489990234375,1907400000
df_7,1996-08-05,662.489990234375,665.3699951171875,656.8300170898438,662.0999755859375,662.0999755859375,1710720000
df_7,1996-08-12,662.0999755859375,666.3400268554688,658.469970703125,665.2100219726562,665.2100219726562,1679700000
df_7,1996-08-19,665.2100219726562,670.6799926757812,662.1599731445312,667.030029296875,667.030029296875,1640820000
df_7,1996-08-26,667.030029296875,667.4099731445312,650.52001953125,651.989990234375,651.989990234375,1467890000
df_7,1996-09-02,651.989990234375,658.2100219726562,643.969970703125,655.6799926757812,655.6799926757812,1407170000
df_7,1996-09-09,655.6799926757812,681.3900146484375,655.6799926757812,680.5399780273438,680.5399780273438,1948550000
df_7,1996-09-16,680.5399780273438,687.0700073242188,679.0599975585938,687.030029296875,687.030029296875,2194530000
df_7,1996-09-23,687.030029296875,690.8800048828125,681.010009765625,686.1900024414062,686.1900024414062,2125250000
df_7,1996-09-30,686.1900024414062,701.739990234375,684.4400024414062,701.4600219726562,701.4600219726562,2100690000
df_7,1996-10-07,701.4600219726562,705.760009765625,693.3400268554688,700.6599731445312,700.6599731445312,2015270000
df_7,1996-10-14,700.6599731445312,711.0399780273438,699.0700073242188,710.8200073242188,710.8200073242188,2173960000
df_7,1996-10-21,710.8200073242188,714.0999755859375,700.530029296875,700.9199829101562,700.9199829101562,2054200000
df_7,1996-10-28,700.9199829101562,708.5999755859375,696.219970703125,703.77001953125,703.77001953125,2213630000
df_7,1996-11-04,703.77001953125,730.8200073242188,702.8400268554688,730.8200073242188,730.8200073242188,2299900000
df_7,1996-11-11,730.8200073242188,741.9199829101562,728.030029296875,737.6199951171875,737.6199951171875,2264990000
df_7,1996-11-18,737.6199951171875,748.72998046875,734.3900146484375,748.72998046875,748.72998046875,2338040000
df_7,1996-11-25,748.72998046875,762.1199951171875,747.989990234375,757.02001953125,757.02001953125,1395410000
df_7,1996-12-02,757.02001953125,761.75,726.8900146484375,739.5999755859375,739.5999755859375,2411490000
df_7,1996-12-09,739.5999755859375,753.4299926757812,721.969970703125,728.6400146484375,728.6400146484375,2273360000
df_7,1996-12-16,728.6400146484375,755.4099731445312,716.6900024414062,748.8699951171875,748.8699951171875,2648640000
df_7,1996-12-23,748.8699951171875,758.75,743.280029296875,756.7899780273438,756.7899780273438,1016860000
df_7,1996-12-30,756.7899780273438,759.2000122070312,740.739990234375,740.739990234375,740.739990234375,738820000
df_8,2000-01-01,1469.25,1478.0,1377.6800537109375,1441.469970703125,1441.469970703125,5343800000
df_8,2000-01-08,1441.469970703125,1473.0,1427.0799560546875,1465.1500244140625,1465.1500244140625,5169700000
df_8,2000-01-15,1465.1500244140625,1465.7099609375,1438.5400390625,1441.3599853515625,1441.3599853515625,4455000000
df_8,2000-01-22,1441.3599853515625,1454.0899658203125,1356.199951171875,1360.1600341796875,1360.1600341796875,5532100000
df_8,2000-01-29,1360.1600341796875,1435.9100341796875,1350.1400146484375,1424.3699951171875,1424.3699951171875,5205000000
df_8,2000-02-05,1424.3699951171875,1444.550048828125,1378.8900146484375,1387.1199951171875,1387.1199951171875,5100800000
df_8,2000-02-12,1387.1199951171875,1407.719970703125,1345.3199462890625,1346.0899658203125,1346.0899658203125,5115300000
df_8,2000-02-19,1346.0899658203125,1370.1099853515625,1329.1500244140625,1333.3599853515625,1333.3599853515625,4253900000
df_8,2000-02-26,1333.3599853515625,1410.8800048828125,1325.0699462890625,1409.1700439453125,1409.1700439453125,5853800000
df_8,2000-03-04,1409.1700439453125,1413.4599609375,1346.6199951171875,1395.0699462890625,1395.0699462890625,5807900000
df_8,2000-03-11,1395.0699462890625,1477.3299560546875,1356.989990234375,1464.469970703125,1464.469970703125,6190300000
df_8,2000-03-18,1464.469970703125,1552.8699951171875,1446.06005859375,1527.4599609375,1527.4599609375,5192200000
df_8,2000-03-25,1527.4599609375,1534.6300048828125,1474.6300048828125,1498.5799560546875,1498.5799560546875,5342800000
df_8,2000-04-01,1498.5799560546875,1526.449951171875,1416.4100341796875,1516.3499755859375,1516.3499755859375,5547060000
df_8,2000-04-08,1516.3499755859375,1527.18994140625,1339.4000244140625,1356.56005859375,1356.56005859375,5312700000
df_8,2000-04-15,1356.56005859375,1447.68994140625,1346.5,1434.5400390625,1434.5400390625,4211700000
df_8,2000-04-22,1434.5400390625,1482.93994140625,1407.1300048828125,1452.4300537109375,1452.4300537109375,5035000000
df_8,2000-04-29,1452.4300537109375,1481.510009765625,1398.3599853515625,1432.6300048828125,1432.6300048828125,4700700000
df_8,2000-05-06,1432.6300048828125,1432.6300048828125,1375.1400146484375,1420.9599609375,1420.9599609375,4502400000
df_8,2000-05-13,1420.9599609375,1470.4000244140625,1401.739990234375,1406.949951171875,1406.949951171875,4292200000
df_8,2000-05-20,1406.949951171875,1411.6500244140625,1361.0899658203125,1378.02001953125,1378.02001953125,4598300000
df_8,2000-05-27,1378.02001953125,1483.22998046875,1378.02001953125,1477.260009765625,1477.260009765625,3927200000
df_8,2000-06-03,1477.260009765625,1477.280029296875,1454.739990234375,1456.949951171875,1456.949951171875,4283600000
df_8,2000-06-10,1456.949951171875,1483.6199951171875,1442.3800048828125,1464.4599609375,1464.4599609375,4901900000
df_8,2000-06-17,1464.4599609375,1488.9300537109375,1438.31005859375,1441.47998046875,1441.47998046875,4833100000
df_8,2000-06-24,1441.47998046875,1467.6300048828125,1434.6300048828125,1454.5999755859375,1454.5999755859375,5597200000
df_8,2000-07-01,1454.5999755859375,1484.1199951171875,1439.56005859375,1478.9000244140625,1478.9000244140625,3350200000
df_8,2000-07-08,1478.9000244140625,1509.989990234375,1470.47998046875,1509.97998046875,1509.97998046875,4807800000
df_8,2000-07-15,1509.97998046875,1517.3199462890625,1477.9100341796875,1480.18994140625,1480.18994140625,4756600000
df_8,2000-07-22,1480.18994140625,1485.8800048828125,1413.8900146484375,1419.8900146484375,1419.8900146484375,5221900000
df_8,2000-07-29,1419.8900146484375,1462.9300537109375,1418.7099609375,1462.9300537109375,1462.9300537109375,4937400000
df_8,2000-08-05,1462.9300537109375,1490.3299560546875,1453.06005859375,1471.8399658203125,1471.8399658203125,4677300000
df_8,2000-08-12,1471.8399658203125,1499.469970703125,1468.56005859375,1491.719970703125,1491.719970703125,4353300000
df_8,2000-08-19,1491.719970703125,1513.469970703125,1489.52001953125,1506.449951171875,1506.449951171875,3944100000
df_8,2000-08-26,1506.449951171875,1530.0899658203125,1500.0899658203125,1520.77001953125,1520.77001953125,4171900000
df_8,2000-09-02,1520.77001953125,1520.77001953125,1489.8800048828125,1494.5,1494.5,3780100000
df_8,2000-09-09,1494.5,1506.760009765625,1460.219970703125,1465.81005859375,1465.81005859375,5241200000
df_8,2000-09-16,1465.81005859375,1467.77001953125,1421.8800048828125,1448.719970703125,1448.719970703125,5382300000
df_8,2000-09-23,1448.719970703125,1461.68994140625,1419.43994140625,1436.510009765625,1436.510009765625,5667000000
df_8,2000-09-30,1436.52001953125,1454.8199462890625,1397.06005859375,1408.989990234375,1408.989990234375,5642900000
df_8,2000-10-07,1408.989990234375,1409.68994140625,1327.0799560546875,1374.1700439453125,1374.1700439453125,5760600000
df_8,2000-10-14,1374.1700439453125,1408.469970703125,1305.7900390625,1396.9300537109375,1396.9300537109375,6083900000
df_8,2000-10-21,1396.9300537109375,1415.6400146484375,1337.81005859375,1379.5799560546875,1379.5799560546875,5911100000
df_8,2000-10-28,1379.5799560546875,1433.4000244140625,1376.8599853515625,1426.68994140625,1426.68994140625,5925100000
df_8,2000-11-04,1428.760009765625,1438.4599609375,1365.969970703125,1365.97998046875,1365.97998046875,4794600000
df_8,2000-11-11,1365.97998046875,1395.9599609375,1328.6199951171875,1367.719970703125,1367.719970703125,5341600000
df_8,2000-11-18,1367.719970703125,1367.719970703125,1321.8900146484375,1341.77001953125,1341.77001953125,3460970000
df_8,2000-11-25,1341.77001953125,1362.5,1294.9000244140625,1315.22998046875,1315.22998046875,4758130000
df_8,2000-12-02,1315.1800537109375,1380.3299560546875,1310.22998046875,1369.8900146484375,1369.8900146484375,5888900000
df_8,2000-12-09,1369.8900146484375,1389.050048828125,1305.3800048828125,1312.1500244140625,1312.1500244140625,6103300000
df_8,2000-12-16,1312.1500244140625,1346.43994140625,1254.0699462890625,1305.949951171875,1305.949951171875,6473400000
df_8,2000-12-23,1305.969970703125,1340.0999755859375,1301.6400146484375,1320.280029296875,1320.280029296875,3950000000
df_9,2004-01-01,1111.9200439453125,1126.3299560546875,1105.0799560546875,1126.3299560546875,1126.3299560546875,5930800000
df_9,2004-01-08,1126.3299560546875,1131.9200439453125,1115.18994140625,1130.52001953125,1130.52001953125,8209800000
df_9,2004-01-15,1130.52001953125,1149.2099609375,1124.5400390625,1147.6199951171875,1147.6199951171875,6871900000
df_9,2004-01-22,1147.6199951171875,1155.3800048828125,1126.5,1128.47998046875,1128.47998046875,8250600000
df_9,2004-01-29,1128.47998046875,1142.449951171875,1122.3800048828125,1126.52001953125,1126.52001953125,8267800000
df_9,2004-02-05,1126.52001953125,1158.8900146484375,1124.43994140625,1157.760009765625,1157.760009765625,7450900000
df_9,2004-02-12,1157.760009765625,1158.97998046875,1143.239990234375,1151.8199462890625,1151.8199462890625,5572400000
df_9,2004-02-19,1151.8199462890625,1158.5699462890625,1134.4300537109375,1143.6700439453125,1143.6700439453125,7327100000
df_9,2004-02-26,1143.6700439453125,1157.449951171875,1138.6199951171875,1151.030029296875,1151.030029296875,7231900000
df_9,2004-03-04,1151.030029296875,1163.22998046875,1122.530029296875,1123.8900146484375,1123.8900146484375,7066200000
df_9,2004-03-11,1123.8900146484375,1125.9599609375,1102.6099853515625,1123.75,1123.75,7869800000
df_9,2004-03-18,1123.75,1125.5,1087.1600341796875,1091.3299560546875,1091.3299560546875,7264900000
df_9,2004-03-25,1091.3299560546875,1130.8299560546875,1091.3299560546875,1126.2099609375,1126.2099609375,7089400000
df_9,2004-04-01,1126.2099609375,1150.5699462890625,1126.199951171875,1140.530029296875,1140.530029296875,7460100000
df_9,2004-04-08,1140.530029296875,1148.969970703125,1122.1500244140625,1128.1700439453125,1128.1700439453125,5273100000
df_9,2004-04-15,1128.1700439453125,1139.260009765625,1116.030029296875,1124.0899658203125,1124.0899658203125,7498000000
df_9,2004-04-22,1124.0899658203125,1146.56005859375,1121.699951171875,1122.4100341796875,1122.4100341796875,7887000000
df_9,2004-04-29,1122.4100341796875,1128.800048828125,1107.22998046875,1121.530029296875,1121.530029296875,8196400000
df_9,2004-05-06,1121.530029296875,1121.530029296875,1076.3199462890625,1097.280029296875,1097.280029296875,8312700000
df_9,2004-05-13,1097.280029296875,1105.9300537109375,1079.3599853515625,1088.6800537109375,1088.6800537109375,7078700000
df_9,2004-05-20,1088.6800537109375,1116.7099609375,1085.4300537109375,1114.93994140625,1114.93994140625,6612200000
df_9,2004-05-27,1114.93994140625,1128.0999755859375,1113.3199462890625,1124.989990234375,1124.989990234375,5109800000
df_9,2004-06-03,1124.989990234375,1142.1800537109375,1116.5699462890625,1131.3299560546875,1131.3299560546875,6026600000
df_9,2004-06-10,1131.3299560546875,1137.3599853515625,1122.1600341796875,1133.56005859375,1133.56005859375,4854300000
df_9,2004-06-17,1133.56005859375,1145.1500244140625,1124.3699951171875,1144.06005859375,1144.06005859375,6747700000
df_9,2004-06-24,1144.06005859375,1146.3399658203125,1131.719970703125,1140.8399658203125,1140.8399658203125,7411200000
df_9,2004-07-01,1140.8399658203125,1140.8399658203125,1113.2099609375,1118.3299560546875,1118.3299560546875,5192600000
df_9,2004-07-08,1118.3299560546875,1119.5999755859375,1106.7099609375,1111.469970703125,1111.469970703125,6363700000
df_9,2004-07-15,1111.469970703125,1116.27001953125,1093.8800048828125,1093.8800048828125,1093.8800048828125,7304200000
df_9,2004-07-22,1093.8800048828125,1099.6600341796875,1078.780029296875,1095.4200439453125,1095.4200439453125,7596800000
df_9,2004-07-29,1095.4200439453125,1108.5999755859375,1092.4000244140625,1098.6300048828125,1098.6300048828125,6811800000
df_9,2004-08-05,1098.6300048828125,1098.7900390625,1062.22998046875,1075.7900390625,1075.7900390625,6660400000
df_9,2004-08-12,1075.7900390625,1095.1700439453125,1060.719970703125,1095.1700439453125,1095.1700439453125,6336700000
df_9,2004-08-19,1095.1700439453125,1106.2900390625,1086.280029296875,1104.9599609375,1104.9599609375,5755900000
df_9,2004-08-26,1104.9599609375,1109.6800537109375,1094.719970703125,1105.9100341796875,1105.9100341796875,4992400000
df_9,2004-09-02,1105.9100341796875,1124.0799560546875,1105.5999755859375,1116.27001953125,1116.27001953125,4503270000
df_9,2004-09-09,1116.27001953125,1129.780029296875,1113.6199951171875,1120.3699951171875,1120.3699951171875,6392800000
df_9,2004-09-16,1120.3699951171875,1131.5400390625,1112.6700439453125,1113.56005859375,1113.56005859375,6439000000
df_9,2004-09-23,1113.56005859375,1114.800048828125,1101.2900390625,1114.800048828125,1114.800048828125,6604700000
df_9,2004-09-30,1114.800048828125,1142.050048828125,1109.6800537109375,1142.050048828125,1142.050048828125,7699300000
df_9,2004-10-07,1142.050048828125,1142.050048828125,1109.6300048828125,1113.6500244140625,1113.6500244140625,6549200000
df_9,2004-10-14,1113.6500244140625,1117.9599609375,1094.25,1103.6600341796875,1103.6600341796875,7931100000
df_9,2004-10-21,1103.6600341796875,1126.2900390625,1090.2900390625,1125.4000244140625,1125.4000244140625,7950400000
df_9,2004-10-28,1125.3399658203125,1147.5699462890625,1120.5999755859375,1143.199951171875,1143.199951171875,7951400000
df_9,2004-11-04,1143.199951171875,1170.8699951171875,1142.3399658203125,1162.9100341796875,1162.9100341796875,7820900000
df_9,2004-11-11,1162.9100341796875,1188.4599609375,1162.9100341796875,1181.93994140625,1181.93994140625,7426500000
df_9,2004-11-18,1181.93994140625,1184.9000244140625,1167.8900146484375,1181.760009765625,1181.760009765625,6953900000
df_9,2004-11-25,1181.760009765625,1191.3699951171875,1172.3699951171875,1191.3699951171875,1191.3699951171875,5209380000
df_9,2004-12-02,1191.3699951171875,1197.4599609375,1177.0699462890625,1182.81005859375,1182.81005859375,7755100000
df_9,2004-12-09,1182.81005859375,1206.6099853515625,1173.7900390625,1205.719970703125,1205.719970703125,7744700000
df_9,2004-12-16,1205.719970703125,1211.4200439453125,1193.3599853515625,1209.5699462890625,1209.5699462890625,8426200000
df_9,2004-12-23,1209.5699462890625,1214.1300048828125,1204.9200439453125,1213.449951171875,1213.449951171875,3787000000
df_9,2004-12-30,1213.449951171875,1217.3299560546875,1211.6500244140625,1211.9200439453125,1211.9200439453125,1616700000
df_10,2008-01-01,1467.969970703125,1471.77001953125,1403.449951171875,1416.1800537109375,1416.1800537109375,15269410000
df_10,2008-01-08,1415.7099609375,1430.280029296875,1378.699951171875,1416.25,1416.25,23404840000
df_10,2008-01-15,1411.8800048828125,1411.8800048828125,1312.510009765625,1325.18994140625,1325.18994140625,21350230000
df_10,2008-01-22,1312.93994140625,1368.56005859375,1270.050048828125,1353.9599609375,1353.9599609375,24504850000
df_10,2008-01-29,1355.93994140625,1396.02001953125,1334.0799560546875,1380.8199462890625,1380.8199462890625,22092560000
df_10,2008-02-05,1380.280029296875,1380.280029296875,1316.75,1339.1300048828125,1339.1300048828125,20274650000
df_10,2008-02-12,1340.550048828125,1369.22998046875,1338.1300048828125,1349.989990234375,1349.989990234375,15129120000
df_10,2008-02-19,1355.8599853515625,1374.3599853515625,1327.0400390625,1371.800048828125,1371.800048828125,18619740000
df_10,2008-02-26,1371.760009765625,1388.3399658203125,1320.0400390625,1331.3399658203125,1331.3399658203125,20483640000
df_10,2008-03-04,1329.5799560546875,1344.18994140625,1272.6600341796875,1273.3699951171875,1273.3699951171875,22185000000
df_10,2008-03-11,1274.4000244140625,1333.260009765625,1256.97998046875,1276.5999755859375,1276.5999755859375,25433510000
df_10,2008-03-18,1277.1600341796875,1359.6800537109375,1277.1600341796875,1349.8800048828125,1349.8800048828125,21338400000
df_10,2008-03-25,1349.0699462890625,1357.469970703125,1312.81005859375,1322.699951171875,1322.699951171875,20114690000
df_10,2008-04-01,1326.4100341796875,1386.739990234375,1326.4100341796875,1372.5400390625,1372.5400390625,20436540000
df_10,2008-04-08,1370.1600341796875,1370.1600341796875,1326.1600341796875,1328.3199462890625,1328.3199462890625,18134130000
df_10,2008-04-15,1331.719970703125,1395.9000244140625,1324.3499755859375,1388.1700439453125,1388.1700439453125,19198430000
df_10,2008-04-22,1386.4300537109375,1402.9000244140625,1369.8399658203125,1396.3699951171875,1396.3699951171875,19885320000
df_10,2008-04-29,1395.6099853515625,1422.719970703125,1383.0699462890625,1407.489990234375,1407.489990234375,20136110000
df_10,2008-05-06,1405.5999755859375,1421.5699462890625,1384.1099853515625,1403.5799560546875,1403.5799560546875,18716760000
df_10,2008-05-13,1404.4000244140625,1440.239990234375,1396.260009765625,1426.6300048828125,1426.6300048828125,19361000000
df_10,2008-05-20,1424.489990234375,1424.489990234375,1373.719970703125,1375.9300537109375,1375.9300537109375,15844650000
df_10,2008-05-27,1375.969970703125,1406.3199462890625,1373.0699462890625,1385.6700439453125,1385.6700439453125,18970490000
df_10,2008-06-03,1386.4200439453125,1404.050048828125,1350.6199951171875,1361.760009765625,1361.760009765625,22262040000
df_10,2008-06-10,1358.97998046875,1366.8399658203125,1331.2900390625,1360.1400146484375,1360.1400146484375,21936650000
df_10,2008-06-17,1360.7099609375,1366.5899658203125,1314.4599609375,1318.0,1318.0,22698470000
df_10,2008-06-24,1317.22998046875,1335.6300048828125,1272.0,1280.0,1280.0,26002560000
df_10,2008-07-01,1276.68994140625,1292.1700439453125,1240.6800537109375,1252.31005859375,1252.31005859375,19635390000
df_10,2008-07-08,1251.8399658203125,1277.3599853515625,1225.010009765625,1228.300048828125,1228.300048828125,29232600000
df_10,2008-07-15,1226.8299560546875,1267.739990234375,1200.43994140625,1260.0,1260.0,31751400000
df_10,2008-07-22,1257.0799560546875,1291.1700439453125,1234.3699951171875,1234.3699951171875,1234.3699951171875,27969560000
df_10,2008-07-29,1236.3800048828125,1284.9300537109375,1236.3800048828125,1249.010009765625,1249.010009765625,25638770000
df_10,2008-08-05,1254.8699951171875,1313.1500244140625,1254.6700439453125,1305.3199462890625,1305.3199462890625,21446230000
df_10,2008-08-12,1304.7900390625,1304.7900390625,1274.510009765625,1278.5999755859375,1278.5999755859375,21434000000
df_10,2008-08-19,1276.6500244140625,1293.0899658203125,1261.1600341796875,1266.8399658203125,1266.8399658203125,19909050000
df_10,2008-08-26,1267.030029296875,1300.6800537109375,1263.2099609375,1282.8299560546875,1282.8299560546875,14229580000
df_10,2008-09-02,1287.8299560546875,1303.0400390625,1217.22998046875,1267.7900390625,1267.7900390625,27421460000
df_10,2008-09-09,1267.97998046875,1268.6600341796875,1192.699951171875,1192.699951171875,1192.699951171875,35346090000
df_10,2008-09-16,1188.31005859375,1265.1199951171875,1133.5,1207.0899658203125,1207.0899658203125,43729690000
df_10,2008-09-23,1207.6099853515625,1221.1500244140625,1106.4200439453125,1106.4200439453125,1106.4200439453125,28572400000
df_10,2008-09-30,1113.780029296875,1168.030029296875,1007.969970703125,1056.8900146484375,1056.8900146484375,31677590000
df_10,2008-10-07,1057.5999755859375,1072.9100341796875,839.7999877929688,1003.3499755859375,1003.3499755859375,41324140000
df_10,2008-10-14,1009.969970703125,1044.31005859375,865.8300170898438,985.4000244140625,985.4000244140625,34446240000
df_10,2008-10-21,980.4000244140625,985.4400024414062,846.75,848.9199829101562,848.9199829101562,30567810000
df_10,2008-10-28,848.9199829101562,984.3800048828125,845.27001953125,966.2999877929688,966.2999877929688,31237210000
df_10,2008-11-04,971.3099975585938,1007.510009765625,899.72998046875,919.2100219726562,919.2100219726562,26563800000
df_10,2008-11-11,917.1500244140625,917.1500244140625,818.6900024414062,850.75,850.75,29420160000
df_10,2008-11-18,852.3400268554688,865.9000244140625,741.02001953125,851.8099975585938,851.8099975585938,39697150000
df_10,2008-11-25,853.4000244140625,896.25,815.6900024414062,816.2100219726562,816.2100219726562,21538830000
df_10,2008-12-02,817.9400024414062,918.5700073242188,817.9400024414062,909.7000122070312,909.7000122070312,30971340000
df_10,2008-12-09,906.47998046875,916.260009765625,851.3499755859375,868.5700073242188,868.5700073242188,28091060000
df_10,2008-12-16,871.530029296875,918.8499755859375,857.0900268554688,871.6300048828125,871.6300048828125,29167320000
df_10,2008-12-23,874.3099975585938,880.4400024414062,857.0700073242188,869.4199829101562,869.4199829101562,10802000000
df_10,2008-12-30,870.5800170898438,910.3200073242188,870.5800170898438,903.25,903.25,7800740000
df_11,2012-01-01,1258.8599853515625,1284.6199951171875,1258.8599853515625,1277.81005859375,1277.81005859375,15509070000
df_11,2012-01-08,1277.8299560546875,1296.8199462890625,1274.550048828125,1289.0899658203125,1289.0899658203125,19273940000
df_11,2012-01-15,1290.219970703125,1315.489990234375,1290.219970703125,1315.3800048828125,1315.3800048828125,16485160000
df_11,2012-01-22,1315.2900390625,1333.469970703125,1306.06005859375,1316.3299560546875,1316.3299560546875,20404830000
df_11,2012-01-29,1316.1600341796875,1345.3399658203125,1300.489990234375,1344.9000244140625,1344.9000244140625,21128390000
df_11,2012-02-05,1344.3199462890625,1354.3199462890625,1335.9200439453125,1342.6400146484375,1342.6400146484375,19306360000
df_11,2012-02-12,1343.06005859375,1363.4000244140625,1340.800048828125,1361.22998046875,1361.22998046875,19414420000
df_11,2012-02-19,1361.219970703125,1368.9200439453125,1352.280029296875,1365.739990234375,1365.739990234375,14720720000
df_11,2012-02-26,1365.199951171875,1378.0400390625,1354.9200439453125,1369.6300048828125,1369.6300048828125,18913110000
df_11,2012-03-04,1369.5899658203125,1374.760009765625,1340.030029296875,1370.8699951171875,1370.8699951171875,18383450000
df_11,2012-03-11,1370.780029296875,1405.8800048828125,1366.68994140625,1404.1700439453125,1404.1700439453125,21406220000
df_11,2012-03-18,1404.1700439453125,1414.0,1386.8699951171875,1397.1099853515625,1397.1099853515625,18414980000
df_11,2012-03-25,1397.1099853515625,1419.1500244140625,1391.56005859375,1408.469970703125,1408.469970703125,18492280000
df_11,2012-04-01,1408.469970703125,1422.3800048828125,1392.9200439453125,1398.0799560546875,1398.0799560546875,14636130000
df_11,2012-04-08,1397.449951171875,1397.449951171875,1357.3800048828125,1370.260009765625,1370.260009765625,19093190000
df_11,2012-04-15,1370.27001953125,1392.760009765625,1365.3800048828125,1378.530029296875,1378.530029296875,18507460000
df_11,2012-04-22,1378.530029296875,1406.6400146484375,1358.7900390625,1403.3599853515625,1403.3599853515625,18950920000
df_11,2012-04-29,1403.260009765625,1415.3199462890625,1367.9599609375,1369.0999755859375,1369.0999755859375,19165870000
df_11,2012-05-06,1368.7900390625,1373.9100341796875,1343.1300048828125,1353.3900146484375,1353.3900146484375,19706660000
df_11,2012-05-13,1351.9300537109375,1351.9300537109375,1291.97998046875,1295.219970703125,1295.219970703125,21259330000
df_11,2012-05-20,1295.72998046875,1328.489990234375,1295.72998046875,1317.8199462890625,1317.8199462890625,18829090000
df_11,2012-05-27,1318.9000244140625,1334.9300537109375,1277.25,1278.0400390625,1278.0400390625,16202900000
df_11,2012-06-03,1278.2900390625,1329.050048828125,1266.739990234375,1325.6600341796875,1325.6600341796875,19438880000
df_11,2012-06-10,1325.719970703125,1343.3199462890625,1306.6199951171875,1342.8399658203125,1342.8399658203125,18576250000
df_11,2012-06-17,1342.4200439453125,1363.4599609375,1324.4100341796875,1335.02001953125,1335.02001953125,20136440000
df_11,2012-06-24,1334.9000244140625,1362.1700439453125,1309.27001953125,1362.1600341796875,1362.1600341796875,18761520000
df_11,2012-07-01,1362.3299560546875,1374.81005859375,1348.030029296875,1354.6800537109375,1354.6800537109375,11204700000
df_11,2012-07-08,1354.6600341796875,1361.5400390625,1325.4100341796875,1356.780029296875,1356.780029296875,16669120000
df_11,2012-07-15,1356.5,1380.3900146484375,1345.0699462890625,1362.6600341796875,1362.6600341796875,18040410000
df_11,2012-07-22,1362.3399658203125,1389.18994140625,1329.239990234375,1385.969970703125,1385.969970703125,20155950000
df_11,2012-07-29,1385.93994140625,1394.1600341796875,1354.6500244140625,1390.989990234375,1390.989990234375,19419460000
df_11,2012-08-05,1391.0400390625,1407.1400146484375,1391.0400390625,1405.8699951171875,1405.8699951171875,15913920000
df_11,2012-08-12,1405.8699951171875,1418.7099609375,1397.3199462890625,1418.1600341796875,1418.1600341796875,14123730000
df_11,2012-08-19,1417.8499755859375,1426.6800537109375,1398.0400390625,1411.1300048828125,1411.1300048828125,14718990000
df_11,2012-08-26,1411.1300048828125,1416.1700439453125,1397.010009765625,1406.5799560546875,1406.5799560546875,13141340000
df_11,2012-09-02,1406.5400390625,1437.9200439453125,1396.56005859375,1437.9200439453125,1437.9200439453125,14259910000
df_11,2012-09-09,1437.9200439453125,1474.510009765625,1428.97998046875,1465.77001953125,1465.77001953125,20023040000
df_11,2012-09-16,1465.4200439453125,1467.0699462890625,1449.97998046875,1460.1500244140625,1460.1500244140625,18527570000
df_11,2012-09-23,1459.760009765625,1463.239990234375,1430.530029296875,1440.6700439453125,1440.6700439453125,16973760000
df_11,2012-09-30,1440.9000244140625,1470.9599609375,1439.010009765625,1460.9300537109375,1460.9300537109375,17147310000
df_11,2012-10-07,1460.9300537109375,1460.9300537109375,1425.530029296875,1428.5899658203125,1428.5899658203125,15577390000
df_11,2012-10-14,1428.75,1464.02001953125,1427.239990234375,1433.18994140625,1433.18994140625,18463100000
df_11,2012-10-21,1433.2099609375,1435.4599609375,1403.280029296875,1411.93994140625,1411.93994140625,16987410000
df_11,2012-10-28,1410.989990234375,1434.27001953125,1405.949951171875,1414.199951171875,1414.199951171875,11239480000
df_11,2012-11-04,1414.02001953125,1433.3800048828125,1373.030029296875,1379.8499755859375,1379.8499755859375,18011370000
df_11,2012-11-11,1379.8599853515625,1388.81005859375,1343.3499755859375,1359.8800048828125,1359.8800048828125,18107380000
df_11,2012-11-18,1359.8800048828125,1409.1600341796875,1359.8800048828125,1409.1500244140625,1409.1500244140625,10754010000
df_11,2012-11-25,1409.1500244140625,1419.699951171875,1385.4300537109375,1416.1800537109375,1416.1800537109375,16954180000
df_11,2012-12-02,1416.3399658203125,1423.72998046875,1398.22998046875,1418.0699462890625,1418.0699462890625,16930770000
df_11,2012-12-09,1418.0699462890625,1438.5899658203125,1411.8800048828125,1413.5799560546875,1413.5799560546875,16918840000
df_11,2012-12-16,1413.5400390625,1448.0,1413.5400390625,1430.1500244140625,1430.1500244140625,20543390000
df_11,2012-12-23,1430.1500244140625,1430.1500244140625,1401.5799560546875,1402.4300537109375,1402.4300537109375,8790850000
df_11,2012-12-30,1402.4300537109375,1426.739990234375,1398.1099853515625,1426.18994140625,1426.18994140625,3204330000
df_12,2016-01-01,2038.199951171875,2038.199951171875,1938.8299560546875,1943.0899658203125,1943.0899658203125,17424750000
df_12,2016-01-08,1945.969970703125,1960.4000244140625,1878.9300537109375,1921.8399658203125,1921.8399658203125,24487630000
df_12,2016-01-15,1916.6800537109375,1916.6800537109375,1812.2900390625,1868.989990234375,1868.989990234375,21891690000
df_12,2016-01-22,1877.4000244140625,1916.989990234375,1872.699951171875,1893.3599853515625,1893.3599853515625,23108130000
df_12,2016-01-29,1894.0,1947.199951171875,1872.22998046875,1915.449951171875,1915.449951171875,24649560000
df_12,2016-02-05,1913.0699462890625,1913.0699462890625,1810.0999755859375,1829.0799560546875,1829.0799560546875,25721590000
df_12,2016-02-12,1833.4000244140625,1930.6800537109375,1833.4000244140625,1917.8299560546875,1917.8299560546875,18715620000
df_12,2016-02-19,1916.739990234375,1951.8299560546875,1891.0,1951.699951171875,1951.699951171875,20523670000
df_12,2016-02-26,1954.949951171875,1993.68994140625,1931.81005859375,1993.4000244140625,1993.4000244140625,23504750000
df_12,2016-03-04,1994.010009765625,2009.1300048828125,1969.25,1989.5699462890625,1989.5699462890625,24074670000
df_12,2016-03-11,1994.7099609375,2046.239990234375,1994.7099609375,2040.5899658203125,2040.5899658203125,19714250000
df_12,2016-03-18,2041.1600341796875,2056.60009765625,2022.489990234375,2035.93994140625,2035.93994140625,20345430000
df_12,2016-03-25,2037.8900146484375,2072.2099609375,2028.31005859375,2059.739990234375,2059.739990234375,13937010000
df_12,2016-04-01,2056.6201171875,2075.070068359375,2033.800048828125,2041.9100341796875,2041.9100341796875,18942670000
df_12,2016-04-08,2045.5400390625,2087.840087890625,2039.739990234375,2082.780029296875,2082.780029296875,19124810000
df_12,2016-04-15,2083.10009765625,2111.050048828125,2073.64990234375,2091.47998046875,2091.47998046875,19275330000
df_12,2016-04-22,2091.489990234375,2099.889892578125,2071.6201171875,2075.81005859375,2075.81005859375,19077460000
df_12,2016-04-29,2071.820068359375,2083.419921875,2045.550048828125,2050.6298828125,2050.6298828125,20786310000
df_12,2016-05-06,2047.77001953125,2084.8701171875,2039.449951171875,2064.110107421875,2064.110107421875,18789540000
df_12,2016-05-13,2062.5,2071.8798828125,2025.9100341796875,2040.0400390625,2040.0400390625,19138290000
df_12,2016-05-20,2041.8800048828125,2094.72998046875,2041.8800048828125,2090.10009765625,2090.10009765625,17280620000
df_12,2016-05-27,2090.06005859375,2105.260009765625,2085.10009765625,2105.260009765625,2105.260009765625,14751450000
df_12,2016-06-03,2104.070068359375,2120.550048828125,2085.360107421875,2115.47998046875,2115.47998046875,17456910000
df_12,2016-06-10,2109.570068359375,2109.570068359375,2050.3701171875,2077.989990234375,2077.989990234375,17839810000
df_12,2016-06-17,2078.199951171875,2113.320068359375,2062.840087890625,2113.320068359375,2113.320068359375,18119050000
df_12,2016-06-24,2103.81005859375,2103.81005859375,1991.6800537109375,2098.860107421875,2098.860107421875,26279040000
df_12,2016-07-01,2099.340087890625,2109.080078125,2074.02001953125,2097.89990234375,2097.89990234375,14631200000
df_12,2016-07-08,2106.969970703125,2168.989990234375,2106.969970703125,2163.75,2163.75,17926590000
df_12,2016-07-15,2165.1298828125,2175.6298828125,2155.7900390625,2165.169921875,2165.169921875,15751010000
df_12,2016-07-22,2166.469970703125,2175.110107421875,2159.070068359375,2170.06005859375,2170.06005859375,17182610000
df_12,2016-07-29,2168.830078125,2178.2900390625,2147.580078125,2164.25,2164.25,18889310000
df_12,2016-08-05,2168.7900390625,2188.449951171875,2168.7900390625,2185.7900390625,2185.7900390625,17003030000
df_12,2016-08-12,2183.739990234375,2193.81005859375,2168.5,2187.02001953125,2187.02001953125,15965070000
df_12,2016-08-19,2184.239990234375,2193.419921875,2169.739990234375,2172.469970703125,2172.469970703125,15021430000
df_12,2016-08-26,2175.10009765625,2187.93994140625,2157.090087890625,2170.860107421875,2170.860107421875,16162430000
df_12,2016-09-02,2177.489990234375,2187.8701171875,2173.590087890625,2181.300048828125,2181.300048828125,13586030000
df_12,2016-09-09,2169.080078125,2169.080078125,2119.1201171875,2147.260009765625,2147.260009765625,19423930000
df_12,2016-09-16,2146.47998046875,2179.989990234375,2131.199951171875,2177.179931640625,2177.179931640625,18482870000
df_12,2016-09-23,2173.2900390625,2173.75,2141.550048828125,2151.1298828125,2151.1298828125,17979870000
df_12,2016-09-30,2156.510009765625,2175.300048828125,2144.010009765625,2160.77001953125,2160.77001953125,18310500000
df_12,2016-10-07,2164.18994140625,2169.60009765625,2114.719970703125,2132.550048828125,2132.550048828125,16351340000
df_12,2016-10-14,2139.679931640625,2149.18994140625,2124.429931640625,2141.340087890625,2141.340087890625,15897600000
df_12,2016-10-21,2139.429931640625,2154.7900390625,2130.090087890625,2133.0400390625,2133.0400390625,18560060000
df_12,2016-10-28,2132.22998046875,2140.719970703125,2085.22998046875,2088.659912109375,2088.659912109375,20675240000
df_12,2016-11-04,2083.7900390625,2182.300048828125,2083.7900390625,2167.47998046875,2167.47998046875,24229520000
df_12,2016-11-11,2162.7099609375,2188.06005859375,2152.489990234375,2187.1201171875,2187.1201171875,22575400000
df_12,2016-11-18,2186.85009765625,2204.800048828125,2180.3798828125,2204.719970703125,2204.719970703125,14572770000
df_12,2016-11-25,2206.27001953125,2214.10009765625,2187.43994140625,2191.080078125,2191.080078125,19414750000
df_12,2016-12-02,2191.1201171875,2251.68994140625,2188.3701171875,2246.18994140625,2246.18994140625,20245530000
df_12,2016-12-09,2249.72998046875,2277.530029296875,2248.43994140625,2262.030029296875,2262.030029296875,20383970000
df_12,2016-12-16,2266.81005859375,2272.56005859375,2254.239990234375,2260.9599609375,2260.9599609375,18223620000
df_12,2016-12-23,2260.25,2273.820068359375,2244.56005859375,2249.260009765625,2249.260009765625,8752410000
df_12,2016-12-30,2251.610107421875,2253.580078125,2233.6201171875,2238.830078125,2238.830078125,2671550000
df_13,2020-01-01,3244.669921875,3258.139892578125,3214.639892578125,3237.179931640625,3237.179931640625,14083000000
df_13,2020-01-08,3238.590087890625,3294.25,3236.669921875,3283.14990234375,3283.14990234375,17729660000
df_13,2020-01-15,3282.27001953125,3329.8798828125,3280.68994140625,3320.7900390625,3320.7900390625,15093130000
df_13,2020-01-22,3330.02001953125,3337.77001953125,3234.5,3276.239990234375,3276.239990234375,18461890000
df_13,2020-01-29,3289.4599609375,3306.919921875,3214.679931640625,3297.590087890625,3297.590087890625,19677660000
df_13,2020-02-05,3324.909912109375,3375.6298828125,3313.75,3357.75,3357.75,18968320000
df_13,2020-02-12,3370.5,3385.090087890625,3355.610107421875,3370.2900390625,3370.2900390625,14601900000
df_13,2020-02-19,3380.389892578125,3393.52001953125,3118.77001953125,3128.2099609375,3128.2099609375,21990080000
df_13,2020-02-26,3139.89990234375,3182.510009765625,2855.840087890625,3003.3701171875,3003.3701171875,33876770000
df_13,2020-03-04,3045.75,3130.969970703125,2734.0,2882.22998046875,2882.22998046875,33290880000
df_13,2020-03-11,2825.60009765625,2825.60009765625,2367.0400390625,2529.18994140625,2529.18994140625,40756780000
df_13,2020-03-18,2436.5,2466.969970703125,2191.860107421875,2447.330078125,2447.330078125,40783880000
df_13,2020-03-25,2457.77001953125,2641.389892578125,2407.530029296875,2584.590087890625,2584.590087890625,34596000000
df_13,2020-04-01,2498.080078125,2756.889892578125,2447.489990234375,2659.409912109375,2659.409912109375,31979410000
df_13,2020-04-08,2685.0,2851.85009765625,2663.300048828125,2846.06005859375,2846.06005859375,24710520000
df_13,2020-04-15,2795.639892578125,2879.219970703125,2727.10009765625,2736.56005859375,2736.56005859375,26591260000
df_13,2020-04-22,2787.889892578125,2921.14990234375,2775.949951171875,2863.389892578125,2863.389892578125,27136350000
df_13,2020-04-29,2918.4599609375,2954.860107421875,2797.85009765625,2868.43994140625,2868.43994140625,27826650000
df_13,2020-05-06,2883.139892578125,2945.820068359375,2847.64990234375,2870.1201171875,2870.1201171875,24886750000
df_13,2020-05-13,2865.860107421875,2968.090087890625,2766.639892578125,2922.93994140625,2922.93994140625,28668480000
df_13,2020-05-20,2953.6298828125,3021.719970703125,2933.590087890625,2991.77001953125,2991.77001953125,19801360000
df_13,2020-05-27,3015.64990234375,3081.070068359375,2969.75,3080.820068359375,3080.820068359375,29023890000
df_13,2020-06-03,3098.89990234375,3233.1298828125,3090.409912109375,3207.179931640625,3207.179931640625,36005380000
df_13,2020-06-10,3213.419921875,3223.27001953125,2965.659912109375,3124.739990234375,3124.739990234375,31084810000
df_13,2020-06-17,3136.1298828125,3155.530029296875,3079.389892578125,3131.2900390625,3131.2900390625,26754330000
df_13,2020-06-24,3114.39990234375,3115.010009765625,2999.739990234375,3100.2900390625,3100.2900390625,27733040000
df_13,2020-07-01,3105.919921875,3184.14990234375,3101.169921875,3145.320068359375,3145.320068359375,17977440000
df_13,2020-07-08,3153.070068359375,3235.320068359375,3115.699951171875,3197.52001953125,3197.52001953125,23714730000
df_13,2020-07-15,3225.97998046875,3277.2900390625,3198.590087890625,3257.300048828125,3257.300048828125,21208490000
df_13,2020-07-22,3254.860107421875,3279.989990234375,3200.050048828125,3218.43994140625,3218.43994140625,20276820000
df_13,2020-07-29,3227.219970703125,3306.840087890625,3204.1298828125,3306.510009765625,3306.510009765625,22603970000
df_13,2020-08-05,3317.3701171875,3381.010009765625,3317.3701171875,3333.68994140625,3333.68994140625,22132480000
df_13,2020-08-12,3355.4599609375,3395.06005859375,3355.4599609375,3389.780029296875,3389.780029296875,17540920000
df_13,2020-08-19,3392.510009765625,3444.2099609375,3354.68994140625,3443.6201171875,3443.6201171875,17986590000
df_13,2020-08-26,3449.969970703125,3528.030029296875,3444.14990234375,3526.64990234375,3526.64990234375,20054700000
df_13,2020-09-02,3543.760009765625,3588.110107421875,3329.27001953125,3331.840087890625,3331.840087890625,18340520000
df_13,2020-09-09,3369.820068359375,3425.550048828125,3310.469970703125,3401.199951171875,3401.199951171875,19748010000
df_13,2020-09-16,3411.22998046875,3428.919921875,3229.10009765625,3315.570068359375,3315.570068359375,24985720000
df_13,2020-09-23,3320.110107421875,3360.739990234375,3209.449951171875,3335.469970703125,3335.469970703125,20396400000
df_13,2020-09-30,3341.2099609375,3431.56005859375,3323.68994140625,3360.969970703125,3360.969970703125,20936270000
df_13,2020-10-07,3384.56005859375,3549.85009765625,3384.56005859375,3511.929931640625,3511.929931640625,18673340000
df_13,2020-10-14,3515.469970703125,3527.93994140625,3419.929931640625,3443.1201171875,3443.1201171875,20280020000
df_13,2020-10-21,3439.909912109375,3466.4599609375,3364.860107421875,3390.679931640625,3390.679931640625,19892230000
df_13,2020-10-28,3342.47998046875,3389.489990234375,3233.93994140625,3369.159912109375,3369.159912109375,23451830000
df_13,2020-11-04,3406.4599609375,3645.989990234375,3405.169921875,3545.530029296875,3545.530029296875,29098990000
df_13,2020-11-11,3563.219970703125,3628.510009765625,3518.580078125,3609.530029296875,3609.530029296875,24372490000
df_13,2020-11-18,3612.090087890625,3642.31005859375,3543.840087890625,3635.409912109375,3635.409912109375,25222390000
df_13,2020-11-25,3635.5,3678.449951171875,3594.389892578125,3662.449951171875,3662.449951171875,19415720000
df_13,2020-12-02,3653.780029296875,3708.449951171875,3644.840087890625,3702.25,3702.25,24595100000
df_13,2020-12-09,3705.97998046875,3712.389892578125,3633.39990234375,3694.6201171875,3694.6201171875,23277680000
df_13,2020-12-16,3696.25,3726.699951171875,3636.47998046875,3687.260009765625,3687.260009765625,24158840000
df_13,2020-12-23,3693.419921875,3756.1201171875,3689.280029296875,3727.0400390625,3727.0400390625,12591690000
df_13,2020-12-30,3736.18994140625,3760.199951171875,3726.8798828125,3756.070068359375,3756.070068359375,6333890000
